"ERB_CASA";"QTDE_LNHA_POS";"QTDE_LNHA_CTRL";"QTDE_LNHA_PRE";"X";"Y";"ANOMES"
"GOFMQ";590;5480;3670;-47,313289;-15,544267;202512
"GOMMV";30;106;111;-53,043111;-17,721139;202512
"GOAVJ";89;414;281;-48,97555;-16,3494;202512
"GOVGR";69;563;353;-48,021064;-16,060753;202512
"GORJU";30;158;144;-51,773283;-17,632381;202512
"GONAA";90;160;81;-49,3074;-16,68872;202512
"GOGSD";182;919;536;-49,345108;-16,658489;202512
"GOMCS";125;963;962;-49,373061;-16,7048;202512
"GONG5";71;622;492;-48,078944;-16,0999;202512
"GOOCI";123;1188;800;-47,940389;-16,091278;202512
"GOGRP";236;665;371;-49,37345;-16,67929;202512
"GO8QJ";0;3;4;-49,339361;-15,792;202512
"GOPFO";298;637;441;-49,292806;-16,624028;202512
"GOJDA";246;297;182;-49,288286;-16,702664;202512
"GOCRO";159;489;276;-49,268858;-16,650061;202512
"GOMCO";24;373;520;-46,957444;-14,895417;202512
"GOMMG";27;607;655;-48,15475;-15,056528;202512
"GOAMA";254;665;465;-48,9625;-16,315;202512
"GOIPA";215;1885;1663;-51,111;-16,444928;202512
"GORMC";245;1011;594;-49,2761;-16,574469;202512
"GOVPE";533;1561;645;-47,979194;-16,051778;202512
"GOVIB";63;1155;1603;-47,060528;-15,041333;202512
"GO8XQ";18;233;163;-48,290528;-15,786464;202512
"GOSMR";528;159;80;-49,257611;-16,698167;202512
"GOCVL";627;575;162;-47,964369;-18,178939;202512
"GOOMO";113;407;367;-49,269139;-16,546019;202512
"GOJSA";542;2280;1235;-51,7416;-17,911489;202512
"GOMKU";135;1116;1293;-48,209167;-13,523333;202512
"GOA10";113;995;568;-48,291778;-15,7441;202512
"GOAJH";37;296;368;-49,354722;-16,804444;202512
"GOTCQ";613;308;125;-49,272361;-16,6945;202512
"GOMVD";426;2897;2459;-51,178361;-17,446472;202512
"GOA13";145;1377;979;-48,28595;-15,71072;202512
"GOLSF";573;2187;909;-47,957419;-16,266922;202512
"GOSPD";133;1996;1971;-51,95866;-18,30966;202512
"GOUNC";110;851;761;-49,678361;-15,508167;202512
"GOPG3";82;417;345;-49,134564;-13,437452;202512
"GOPQA";1272;1843;975;-49,280056;-16,728111;202512
"GOSEB";213;128;44;-49,233134;-16,693786;202512
"GOSBV";880;545;183;-49,263039;-16,714644;202512
"GOTMB";2;22;59;-46,51099;-14,1353;202512
"GOAAA";2;25;34;-49,296111;-13,925556;202512
"GOPOU";0;13;17;-47,456806;-13,957583;202512
"GOPSE";381;4246;5780;-46,366556;-14,091139;202512
"GORZA";464;3622;2320;-47,907658;-16,241894;202512
"GOAAV";48;309;248;-48,976764;-16,382344;202512
"GOCON";45;383;348;-51,788325;-16,911228;202512
"GOURH";733;1380;1092;-49,272711;-16,640811;202512
"GOABV";171;589;273;-48,9336;-16,35272;202512
"GOJUN";132;188;94;-48,947903;-16,333864;202512
"GONCD";100;1027;2313;-50,336417;-14,097833;202512
"GO8PY";60;557;439;-47,344056;-15,559889;202512
"GOMNO";1368;2583;929;-52,557778;-17,558972;202512
"GORTB";219;3166;2400;-49,807156;-15,170833;202512
"GOSAQ";143;1643;1243;-48,292444;-15,934472;202512
"GOSCZ";3;14;17;-48,483631;-17,316169;202512
"GOSRN";16;363;481;-47,190611;-15,093167;202512
"GOABD";44;329;330;-49,403361;-16,813131;202512
"GOPAT";1008;1444;858;-49,201472;-16,740639;202512
"GOPLT";148;1729;1292;-47,604444;-15,480278;202512
"GOAPK";211;674;354;-48,964853;-16,301664;202512
"GOMZA";98;731;1232;-50,570306;-14,746278;202512
"GOSMO";135;959;743;-49,107917;-16,69225;202512
"GO8XE";4;6;6;-49,504639;-16,35775;202512
"GOMUR";72;441;327;-50,339469;-17,973533;202512
"GOOUT";35;303;310;-48,398117;-16,118886;202512
"GOGAH";525;876;527;-49,303611;-16,719169;202512
"GOITQ";62;555;355;-47,428194;-15,34975;202512
"GOAL3";36;836;1733;-46,512461;-14,482539;202512
"GOPSL";635;479;268;-49,186297;-16,7415;202512
"GOGSG";113;278;126;-49,235472;-16,630333;202512
"GOJGB";338;1750;1051;-49,223717;-16,622119;202512
"GOOTS";118;144;82;-49,254411;-16,6874;202512
"GOASF";142;282;137;-48,956278;-16,359556;202512
"GOCTU";101;169;105;-48,632028;-17,739083;202512
"GONER";207;1539;1384;-49,234522;-16,400386;202512
"GOA14";189;1467;900;-48,265417;-15,728833;202512
"GOAJV";115;921;791;-49,302;-16,795;202512
"GOATN";1483;653;262;-49,2655;-16,696681;202512
"GOIPD";140;1751;1702;-49,9355;-15,560939;202512
"GOPOD";389;4222;5643;-46,353278;-14,081194;202512
"GOIBF";170;174;58;-49,212344;-18,434167;202512
"GOCDO";150;172;68;-49,307022;-16,698633;202512
"GOSHG";376;876;468;-50,607872;-17,817372;202512
"GO8YG";19;150;122;-48,263889;-15,741111;202512
"GONHA";336;494;164;-49,300767;-16,727636;202512
"GOIVL";7;71;82;-50,793169;-16,605769;202512
"GOAR8";84;580;333;-48,277081;-15,7408;202512
"GOLVI";8;107;152;-47,869286;-16,274847;202512
"GOALD";233;2028;1188;-48,274011;-15,767936;202512
"GOHEA";129;1039;606;-48,273419;-15,7475;202512
"GOABA";472;1316;632;-48,9378;-16,3065;202512
"GOCRD";1073;4288;3419;-47,609958;-16,771594;202512
"GOGSI";4;4;5;-49,2731;-16,7077;202512
"GOBVD";473;3790;2183;-48,952639;-16,975836;202512
"GOMAH";5;46;22;-49,378083;-14,225889;202512
"GORAT";899;407;163;-49,264472;-16,689889;202512
"GOADB";89;998;903;-49,341661;-16,816339;202512
"GOLSD";104;458;269;-49,254722;-16,824722;202512
"GOCOS";162;1302;876;-47,925222;-16,1955;202512
"GOJIP";207;1901;1813;-49,397189;-16,632067;202512
"GOVSZ";185;1169;920;-49,237356;-16,822628;202512
"GO60D";108;224;198;-49,485528;-16,674056;202512
"GOGSP";132;525;230;-49,20305;-16,673911;202512
"GOASP";823;1515;976;-49,260839;-16,747964;202512
"GOGPM";172;83;35;-49,227361;-16,703972;202512
"GOCOT";30;308;290;-49,194525;-16,801019;202512
"GONJP";52;446;255;-48,061936;-16,074375;202512
"GOAMB";58;278;228;-49,223411;-16,788833;202512
"GOPBT";29;418;731;-48,263528;-15,255167;202512
"GO1S1";88;59;21;-49,271019;-16,714525;202512
"GOAHG";18;156;98;-48,220111;-18,3385;202512
"GONQT";32;392;549;-48,403733;-14,357397;202512
"GOCLS";112;583;434;-48,605722;-17,744528;202512
"GOALE";238;1460;1336;-48,506669;-16,086969;202512
"GO8XI";264;978;483;-47,97125;-16,052333;202512
"GOPHI";2;0;6;-49,32938;-16,65425;202512
"GO8PW";2;76;48;-48,291694;-15,744056;202512
"GOFLT";31;124;120;-48,577631;-17,774161;202512
"GOBRM";80;388;315;-49,31518;-16,5972;202512
"GOGPW";266;343;193;-49,2863;-16,6799;202512
"GOCUC";91;820;594;-48,564511;-18,143639;202512
"GOAPI";216;754;441;-48,955611;-16,291667;202512
"GOEPC";1101;462;188;-49,266636;-16,683289;202512
"GONVZ";138;1142;847;-49,332111;-16,361444;202512
"GOVCZ";130;645;482;-49,386661;-16,661233;202512
"GOJRV";73;461;316;-51,503611;-17,848056;202512
"GOTSD";45;232;117;-47,779889;-18,360083;202512
"GOVCT";290;2442;2119;-49,807389;-17,728639;202512
"GOJNM";117;195;137;-49,231028;-16,687833;202512
"GOVLD";459;716;378;-49,303042;-16,692461;202512
"GOHEL";283;872;539;-49,318031;-16,75565;202512
"GOSCP";198;946;719;-49,10581;-16,70056;202512
"GOCMG";6;35;32;-48,787639;-15,857833;202512
"GOALO";100;787;510;-48,338761;-15,74285;202512
"GOAPJ";109;580;430;-49,216819;-16,76105;202512
"GOAMG";66;680;743;-49,372431;-16,844689;202512
"GOSBT";243;1629;1785;-47,508003;-14,155911;202512
"GOBSR";267;962;617;-49,3379;-16,7367;202512
"GORPL";5;47;20;-49,218694;-17,839639;202512
"GOPER";33;227;214;-52,06;-17,526667;202512
"GOARS";115;718;554;-52,248194;-15,903194;202512
"GOAMC";2;71;312;-46,73288;-13,43338;202512
"GOIEI";451;2793;1669;-49,801447;-16,023567;202512
"GO8YF";0;1;1;-49,499278;-16,383417;202512
"GOBGS";114;816;618;-48,835731;-17,096633;202512
"GOALL";3;29;37;-49,49854;-15,89343;202512
"GOTDD";425;1234;846;-49,499561;-16,667544;202512
"GOBR1";33;91;50;-49,160239;-16,576075;202512
"GOSHD";281;883;598;-50,59125;-17,821444;202512
"GOCTM";49;183;97;-47,90476;-18,1665;202512
"GODAQ";82;749;800;-48,89834;-16,40986;202512
"GOVLB";402;654;393;-49,2558;-16,7313;202512
"GOCPM";6;8;2;-48,625372;-17,74226;202512
"GOA15";130;1038;700;-48,282019;-15,772047;202512
"GOVDO";320;2506;1445;-48,015;-16,056111;202512
"GOTRG";66;433;398;-49,099228;-16,488453;202512
"GOTGL";95;556;528;-49,459611;-16,645111;202512
"GOAAE";119;322;276;-49,307231;-16,6137;202512
"GOMDV";213;671;398;-49,34441;-16,73815;202512
"GO153";294;1371;852;-49,241842;-16,803142;202512
"GOSDG";22;401;663;-46,344583;-13,40525;202512
"GOLQI";152;923;490;-47,923616;-16,247684;202512
"GOCMD";51;504;354;-48,809161;-15,924353;202512
"GORCL";11;101;117;-51,010553;-18,795411;202512
"GOANO";55;455;408;-49,2313;-16,834939;202512
"GOPGQ";162;1402;1015;-47,616444;-15,441722;202512
"GOGTD";84;362;216;-49,3751;-18,0337;202512
"GOUUP";0;62;56;-49,606611;-15,670047;202512
"GOLJR";3;5;5;-50,932697;-17,795575;202512
"GOPGS";191;2366;2222;-49,912619;-16,824342;202512
"GOPID";51;413;445;-48,26889;-17,31996;202512
"GOCAW";286;2580;2208;-51,121444;-18,571944;202512
"GOGDI";8;72;82;-49,116644;-16,377003;202512
"GOCBB";6;20;66;-46,643;-12,99324;202512
"GOCAM";285;885;458;-49,263061;-16,602211;202512
"GOBR2";57;280;199;-48,821561;-16,310228;202512
"GOGMA";277;680;474;-49,287139;-16,644361;202512
"GOPQS";349;2509;1518;-47,973958;-16,110658;202512
"GOBR3";73;305;345;-48,574167;-16,131389;202512
"GORAV";256;725;460;-50,96323;-17,82749;202512
"GOMCH";383;1935;1574;-52,538389;-17,570639;202512
"GOHOR";144;858;1093;-49,336961;-16,624139;202512
"GOPTR";97;854;836;-49,329483;-16,604514;202512
"GOCN4";19;150;156;-52,797653;-18,527181;202512
"GOBVR";31;280;213;-49,044669;-16,8627;202512
"GOSAG";48;184;179;-49,311611;-16,491833;202512
"GOMRG";239;990;1098;-49,32545;-16,6283;202512
"GORQT";62;181;100;-48,755;-17,7675;202512
"GOAVP";748;321;103;-49,269969;-16,689928;202512
"GOBSH";636;1137;678;-49,278411;-16,741642;202512
"GOPD2";147;307;188;-49,283914;-16,665694;202512
"GOPET";77;580;659;-49,322778;-16,102778;202512
"GOURN";441;2218;1832;-49,1358;-14,5263;202512
"GOIPP";13;205;384;-50,639444;-15,801111;202512
"GOROM";56;175;86;-49,268283;-16,615814;202512
"GOCRV";169;3070;2375;-49,703947;-15,358033;202512
"GOPST";306;1305;1420;-46,361989;-14,083608;202512
"GO8XV";0;2;0;-49,79975;-16,024861;202512
"GOQNP";649;3620;2131;-50,453781;-18,450033;202512
"GOJAT";705;1045;464;-49,295028;-16,731639;202512
"GOFST";875;5571;3566;-47,352203;-15,546208;202512
"GOJCU";389;1330;1035;-49,353589;-16,7512;202512
"GOCOC";385;3324;2899;-51,81175;-16,954944;202512
"GOSND";2;19;20;-49,117489;-15,134831;202512
"GOAMS";42;317;212;-49,2744;-16,829761;202512
"GOMNV";50;901;2293;-50,286744;-13,770408;202512
"GORVJ";642;1825;1190;-50,907922;-17,773089;202512
"GOLED";225;1415;751;-47,921242;-16,258414;202512
"GOAFH";441;628;338;-48,953739;-16,3225;202512
"GOGN2";345;967;649;-49,251444;-16,619139;202512
"GOVDE";985;2415;1174;-47,95805;-16,0609;202512
"GOMGS";7;43;53;-50,215192;-16,131806;202512
"GOGAB";181;308;135;-49,286631;-16,688822;202512
"GOISO";64;131;78;-49,223694;-18,405139;202512
"GOAPB";295;2442;1504;-48,267158;-15,756731;202512
"GOICK";192;2773;4894;-46,634556;-14,100806;202512
"GOFRM";1321;3689;1847;-47,337658;-15,539181;202512
"GOVSA";112;330;244;-49,305528;-16,672639;202512
"GOSFD";332;903;351;-49,24397;-16,65273;202512
"GOAI2";280;487;301;-49,26881;-16,66594;202512
"GOSCU";56;531;459;-49,095219;-16,696089;202512
"GOCGG";414;2600;2343;-47,779444;-17,616944;202512
"GOGPL";227;854;613;-49,37264;-16,65678;202512
"GOJBV";215;800;607;-49,233906;-16,74004;202512
"GOCDN";68;195;140;-48,633694;-17,720889;202512
"GOFVI";9;32;35;-48,93077;-16,40979;202512
"GORDG";55;316;281;-49,388719;-16,6458;202512
"GOBOA";168;321;168;-49,245778;-16,744833;202512
"GOPPA";2;7;24;-49,200669;-13,105178;202512
"GOHDO";203;769;541;-49,23228;-16,967942;202512
"GOCM2";60;275;230;-48,61925;-17,7143;202512
"GONEM";29;139;99;-49,241409;-16,788204;202512
"GOCJR";132;296;143;-48,62063;-17,75014;202512
"GOMAM";167;1922;4033;-46,110556;-14,5005;202512
"GOBUA";59;245;207;-49,047944;-18,175667;202512
"GOJIG";274;1961;1229;-47,962686;-16,148769;202512
"GOAVR";215;595;427;-48,905883;-16,356294;202512
"GOLZQ";143;1119;890;-47,914331;-16,26315;202512
"GOGRV";276;961;794;-49,343647;-16,767497;202512
"GORVR";222;913;568;-50,888261;-17,790644;202512
"GO8XS";14;136;86;-48,001694;-16,053806;202512
"GOCFY";285;1331;594;-47,938311;-18,202719;202512
"GOPJB";184;465;333;-49,020269;-17,292614;202512
"GOGMO";200;1160;1687;-49,323161;-16,616333;202512
"GOCDC";669;4182;3470;-52,664011;-18,388789;202512
"GOMDR";340;709;498;-49,347611;-16,757111;202512
"GOISI";136;206;81;-49,223269;-18,427289;202512
"GOLSM";83;601;339;-47,941031;-16,227258;202512
"GOSOL";240;3347;2703;-48,407306;-15,743278;202512
"GOHEN";709;552;314;-49,241633;-16,708811;202512
"GOPVD";203;1542;1650;-49,375192;-16,589117;202512
"GOBR4";67;392;320;-48,439269;-16,113525;202512
"GOAFA";4;17;21;-50,487231;-16,349845;202512
"GOAJB";90;506;414;-49,236961;-16,768019;202512
"GOVSO";101;391;262;-49,211706;-16,588144;202512
"GOIBC";78;115;62;-49,215778;-18,417667;202512
"GOARD";13;129;132;-51,084278;-14,927556;202512
"GOROD";0;7;34;-46,351439;-14,239519;202512
"GOIUP";58;279;161;-49,483172;-16,379525;202512
"GOALS";96;716;451;-48,290889;-15,784417;202512
"GOTW1";55;145;118;-51,034497;-17,770733;202512
"GORNT";43;54;22;-49,250625;-16,680825;202512
"GOSAX";10;209;114;-47,000389;-15,362056;202512
"GORVA";175;497;286;-50,902419;-17,783669;202512
"GOJBS";229;2289;1492;-51,694989;-17,877369;202512
"GOCBE";88;1564;2757;-46,771028;-13,048111;202512
"GOFAT";37;227;236;-49,323405;-16,901323;202512
"GORUC";97;1234;1003;-49,802839;-15,160883;202512
"GOAJR";72;600;599;-49,294167;-16,822222;202512
"GOFVL";192;1045;802;-49,37481;-16,7487;202512
"GONG8";57;670;434;-48,031961;-16,0928;202512
"GOFTA";57;637;522;-49,341539;-16,6104;202512
"GOA09";44;556;442;-48,317061;-15,740919;202512
"GOPQD";311;351;154;-49,280394;-16,720128;202512
"GOGMC";316;383;196;-49,25402;-16,675038;202512
"GONSC";1877;1254;382;-49,27015;-16,719631;202512
"GOJGM";23;127;144;-50,13775;-17,031361;202512
"GOCAB";56;899;975;-46,945528;-15,808222;202512
"GOAMP";201;871;783;-49,288306;-16,781444;202512
"GOCXD";45;764;937;-49,960681;-14,531081;202512
"GOPIR";651;5155;3362;-48,277972;-17,301883;202512
"GOAPC";60;152;91;-49,2434;-16,8202;202512
"GORVL";225;767;411;-50,921347;-17,768003;202512
"GOAIR";52;409;314;-49,27675;-16,81235;202512
"GOARP";19;123;236;-50,62575;-15,09325;202512
"GOJGD";888;421;152;-49,233086;-16,704717;202512
"GOFER";259;1269;1018;-49,184925;-16,666047;202512
"GOAUY";57;239;301;-51,075408;-14,907456;202512
"GOCIR";101;129;75;-48,628317;-17,739092;202512
"GOBSI";5;3;6;-49,276769;-16,741247;202512
"GOCTO";107;655;434;-47,818694;-18,16275;202512
"GOCTD";159;489;363;-48,634;-17,728333;202512
"GONEG";150;672;361;-49,359908;-16,715669;202512
"GOSUM";115;409;286;-48,908489;-16,338831;202512
"GODVE";106;814;1329;-52,31425;-16,721722;202512
"GOLLG";4;34;54;-48,841061;-16,575451;202512
"GOITD";119;1035;860;-51,54586;-19,0672;202512
"GOGOC";173;1692;1651;-50,13575;-15,944889;202512
"GOGRD";408;1086;790;-49,334444;-16,755972;202512
"GOLLL";210;1920;1578;-48,741628;-16,619519;202512
"GOJRG";237;1306;1295;-49,338611;-15,7925;202512
"GO8XO";55;127;94;-47,613861;-16,776361;202512
"GOCPB";340;378;210;-49,273856;-16,676594;202512
"GOIRO";37;189;97;-49,21158;-18,39492;202512
"GOCED";613;3753;1886;-49,600556;-15,314806;202512
"GOPSQ";28;380;475;-46,334919;-14,103511;202512
"GOVNA";542;1195;459;-49,234319;-16,6627;202512
"GOMTE";605;2603;2037;-52,575339;-17,571081;202512
"GORAP";692;809;502;-50,922778;-17,793222;202512
"GOSUV";201;104;40;-49,25232;-16,69585;202512
"GOFRA";377;602;311;-49,245083;-16,640228;202512
"GO10A";14;97;106;-49,386111;-14,289722;202512
"GOGST";336;403;190;-49,241333;-16,680389;202512
"GOJTR";660;3914;1807;-51,726139;-17,837428;202512
"GOMRN";77;379;277;-49,024842;-16,431153;202512
"GOALF";209;269;362;-49,308806;-16,642028;202512
"GOEUR";224;265;154;-49,311589;-16,713708;202512
"GOANB";579;398;148;-49,265222;-16,678056;202512
"GOVPT";416;2308;1067;-47,996944;-16,0755;202512
"GOPQ2";148;480;261;-49,218942;-16,729944;202512
"GOSSR";160;894;633;-49,361;-16,732889;202512
"GONCS";58;712;1362;-50,3225;-14,099444;202512
"GOCT3";37;126;122;-48,627561;-17,727917;202512
"GOLSN";38;268;153;-47,9327;-16,179939;202512
"GOC64";665;829;481;-49,297483;-16,694756;202512
"GOCAR";350;804;474;-49,19821;-16,6938;202512
"GOSHI";162;679;377;-49,201722;-16,65025;202512
"GOCO6";211;1788;1105;-47,95047;-16,10667;202512
"GOMNP";762;2876;1732;-52,546083;-17,548639;202512
"GOVIT";107;857;706;-49,348989;-16,601431;202512
"GOSCM";130;753;821;-49,122106;-16,696303;202512
"GOSAL";50;297;203;-49,259167;-16,833778;202512
"GOCIT";193;683;535;-48,608942;-17,769728;202512
"GO8XY";0;10;15;-48,308889;-15,762722;202512
"GOVGA";449;773;449;-49,18325;-16,698056;202512
"GOSAB";37;177;134;-50,681058;-17,522972;202512
"GORJD";16;140;107;-51,573889;-17,770833;202512
"GOBPS";3;7;4;-48,949011;-16,324264;202512
"GO8RB";42;289;265;-49,426611;-16,504139;202512
"GO8XB";1;0;2;-50,449;-18,448639;202512
"GOFMD";1060;6739;5486;-47,323381;-15,561317;202512
"GOAVB";241;528;301;-49,24763;-16,73643;202512
"GODAT";13;37;33;-48,956714;-16,390481;202512
"GOAFN";521;660;373;-49,261328;-16,670375;202512
"GORIC";86;723;612;-49,632388;-16,159033;202512
"GOGOA";169;1462;1588;-50,130122;-15,930044;202512
"GOPAL";8;90;133;-50,25515;-16,9503;202512
"GORAL";70;453;262;-49,574231;-15,311053;202512
"GOACT";60;730;692;-50,375369;-17,384006;202512
"GOADR";34;40;9;-48,91659;-16,40404;202512
"GO8XT";24;375;398;-47,309056;-15,530806;202512
"GOJBP";1073;1894;694;-51,742569;-17,8992;202512
"GOCNE";109;680;975;-49,1535;-14,314656;202512
"GOLJL";88;761;497;-47,932839;-16,219181;202512
"GOJL2";76;624;462;-47,916836;-16,224156;202512
"GOVAZ";5;98;422;-46,60154;-13,29009;202512
"GOGNE";76;343;290;-49,085833;-15,267222;202512
"GO10B";4;65;155;-49,919867;-14,288314;202512
"GOGSV";186;661;281;-49,206231;-16,684139;202512
"GOSVA";543;4642;2926;-48,614806;-16,669556;202512
"GOGOI";240;1699;1493;-49,020258;-16,500342;202512
"GO8XC";40;157;166;-47,608556;-16,7585;202512
"GOJAB";365;3465;2203;-51,715554;-17,864017;202512
"GOCGC";42;491;551;-48,4048;-15,7318;202512
"GORQN";28;159;77;-48,7603;-17,8085;202512
"GOCHC";303;2823;2345;-50,945806;-18,756583;202512
"GOUUU";14;160;265;-49,687528;-15,668511;202512
"GOBJE";54;243;314;-49,738056;-18,216944;202512
"GOIBS";63;246;137;-49,22275;-18,397611;202512
"GOHUG";217;472;439;-49,335739;-16,6433;202512
"GOBAL";23;307;372;-48,900833;-14,959722;202512
"GOCOL";44;704;861;-48,075056;-14,151611;202512
"GOSSV";1;0;4;-47,98445;-16,079108;202512
"GO1C1";8;13;4;-49,258169;-16,681444;202512
"GOPTI";323;1095;784;-49,207083;-16,747083;202512
"GOPPB";53;229;202;-48,943728;-15,8555;202512
"GOBJD";72;1205;1771;-52,175514;-16,201063;202512
"GOCHA";29;140;163;-47,79799;-18,11165;202512
"GO8BX";5;37;30;-50,37167;-16,51861;202512
"GOVML";178;630;394;-49,220683;-16,685381;202512
"GOJDI";198;941;627;-48,938653;-16,284475;202512
"GOSHJ";7;6;18;-51,730431;-17,872022;202512
"GOASB";224;1232;970;-49,3497;-16,7931;202512
"GOAOV";62;391;367;-49,2394;-16,85144;202512
"GOGCC";448;280;92;-49,259578;-16,685461;202512
"GORP2";0;3;6;-49,486617;-16,661058;202512
"GOCRU";532;573;265;-49,251333;-16,688444;202512
"GOGPO";335;2441;1981;-49,533539;-16,832558;202512
"GOPLD";102;766;634;-47,583417;-15,427361;202512
"GOPRU";411;115;46;-49,258861;-16,702694;202512
"GOLAZ";189;1606;1054;-48,063253;-16,089022;202512
"GODSG";108;1145;1460;-47,574389;-15,232194;202512
"GOCTR";5;74;60;-49,693167;-16,763222;202512
"GOAPO";44;339;466;-51,926417;-18,965139;202512
"GOOCD";276;1476;661;-47,933056;-16,11075;202512
"GOOSA";1;12;21;-49,22918;-16,60927;202512
"GORP1";1;4;0;-49,484758;-16,662078;202512
"GOIIS";2;96;120;-49,87585;-16,112922;202512
"GOGJS";975;202;70;-49,208583;-16,714422;202512
"GOVSE";698;3244;1657;-47,987181;-16,0608;202512
"GOALQ";131;1080;804;-48,328306;-15,756486;202512
"GOAGP";251;435;182;-48,9238;-16,3275;202512
"GOPRE";314;908;509;-49,324025;-16,736133;202512
"GOANS";576;1032;558;-48,956728;-16,330703;202512
"GOICI";128;2239;2160;-49,571639;-14,972553;202512
"GONAZ";154;2420;1745;-49,883139;-16,58425;202512
"GOEDE";357;2924;2937;-49,930453;-17,339164;202512
"GOARJ";79;511;561;-48,988511;-16,283128;202512
"GOJEP";209;550;199;-48,92339;-16,33562;202512
"GO8QO";30;202;112;-48,261444;-15,758639;202512
"GOTSH";101;623;460;-47,771111;-18,346111;202512
"GOVCA";9;234;238;-48,397216;-16,906304;202512
"GOBLZ";25;575;751;-52,5406;-16,197981;202512
"GOVOI";486;1224;667;-47,986389;-16,088611;202512
"GOALP";1334;1737;835;-49,298639;-16,703917;202512
"GOISY";472;916;642;-49,504689;-16,357778;202512
"GOGNS";76;445;476;-49,12145;-15,299975;202512
"GO8YH";3;16;13;-48,274;-15,767944;202512
"GOALT";203;1474;841;-48,245869;-15,766978;202512
"GOVPD";237;1428;1039;-49,186233;-16,660867;202512
"GOGPR";533;986;899;-49,294608;-16,645658;202512
"GOVEC";191;1228;921;-49,394989;-16,685433;202512
"GOICC";148;1878;1416;-49,555636;-14,954528;202512
"GOPOS";76;704;689;-49,610944;-16,943833;202512
"GORIP";52;552;279;-48,167797;-17,654333;202512
"GOPGT";379;1947;1808;-49,145736;-13,44305;202512
"GOSRP";150;1000;826;-49,085686;-16,690989;202512
"GOGIN";265;1987;1931;-49,430556;-16,502778;202512
"GOBUE";32;202;191;-49,041481;-18,126814;202512
"GOJTC";656;1513;806;-51,725;-17,891333;202512
"GORVG";189;442;256;-50,991494;-17,824808;202512
"GOUUC";6;182;185;-49,593844;-15,512919;202512
"GOAEN";198;518;231;-48,955442;-16,348625;202512
"GOAP1";178;983;1105;-47,5179;-14,136611;202512
"GOIUD";76;380;278;-49,609417;-16,208064;202512
"GOIEQ";199;2929;3667;-49,794861;-16,007019;202512
"GOANL";98;285;175;-48,950789;-16,368228;202512
"GO8QM";14;74;165;-47,607389;-16,752194;202512
"GOCMY";19;159;144;-48,148333;-18,266639;202512
"GOSTA";511;4250;2676;-48,267453;-15,942111;202512
"GOCSO";466;600;312;-48,630956;-17,745142;202512
"GO8BD";6;50;40;-48,233667;-15,77575;202512
"GOJAS";989;853;349;-49,281444;-16,712694;202512
"GOGJD";303;1333;900;-49,220019;-16,674681;202512
"GOMAZ";40;220;159;-49,336944;-14,195028;202512
"GO8XR";1;18;29;-49,31961;-15,76099;202512
"GOBCO";214;514;280;-49,308456;-16,770844;202512
"GOFMO";187;865;504;-47,322228;-15,546197;202512
"GOJTO";756;2165;1147;-51,733414;-17,898858;202512
"GOITN";43;173;121;-48,637611;-17,769347;202512
"GOBMP";284;698;568;-49,303944;-16,620106;202512
"GO60H";1;5;5;-49,502861;-16,644;202512
"GO60C";0;4;10;-49,425836;-16,642236;202512
"GOTAX";8;19;9;-48,42884;-16,11065;202512
"GOAIM";76;781;825;-49,313033;-16,819011;202512
"GOSUD";1241;749;239;-49,277147;-16,696217;202512
"GOTUR";123;1791;1402;-50,1487;-16,608253;202512
"GO8QN";7;81;94;-50,444028;-18,454083;202512
"GOPAE";23;86;62;-52,258056;-17,534778;202512
"GO8PV";82;287;215;-50,436176;-18,446181;202512
"GOUUF";9;79;81;-49,634007;-15,632446;202512
"GOCMC";75;700;554;-48,812556;-15,928528;202512
"GOSIL";2;33;42;-50,29379;-16,37785;202512
"GOAFG";97;1375;1407;-47,7845;-14,979833;202512
"GOSJG";104;815;687;-49,112444;-16,677889;202512
"GORIA";49;1301;1367;-49,924028;-15,689389;202512
"GOHDD";294;1886;1508;-49,217933;-16,955219;202512
"GOCDS";172;383;268;-49,31855;-16,769603;202512
"GOSTN";197;548;277;-49,239278;-16,734611;202512
"GOAT7";1042;590;166;-49,274908;-16,688914;202512
"GOGJN";170;592;398;-49,211478;-16,665197;202512
"GOAJI";146;988;1001;-49,267569;-16,822697;202512
"GOACX";146;840;577;-48,965;-16,3686;202512
"GOBAV";112;749;547;-49,182;-16,638;202512
"GO8QG";2;10;4;-47,973417;-16,071222;202512
"GOGED";231;882;1128;-49,31679;-16,60568;202512
"GOSPW";32;319;250;-51,973889;-18,281389;202512
"GODAG";13;45;40;-49,207653;-16,810066;202512
"GOIRC";33;358;688;-50,614681;-15,821519;202512
"GOVBA";299;724;461;-49,230178;-16,671569;202512
"GOAPU";205;554;258;-48,947897;-16,301839;202512
"GOALC";115;1109;637;-48,261444;-15,740611;202512
"GOMAC";10;23;20;-48,906542;-17,722903;202512
"GOACW";81;742;714;-49,294839;-16,830719;202512
"GOCXA";77;955;939;-49,980917;-14,546472;202512
"GOMUT";908;327;156;-49,267583;-16,701583;202512
"GOSLU";211;231;100;-49,240519;-16,687333;202512
"GOFBV";67;353;237;-52,895944;-17,383139;202512
"GOREC";66;538;526;-49,355236;-16,618106;202512
"GOVUN";106;517;426;-48,986522;-16,361986;202512
"GO8XH";27;101;61;-47,983277;-16,078527;202512
"GOAT2";1613;657;278;-49,270002;-16,70369;202512
"GONRO";52;851;1416;-46,874889;-13,746194;202512
"GORAZ";131;767;604;-50,903778;-17,752444;202512
"GOGSB";1626;1087;406;-49,259361;-16,714583;202512
"GORVB";850;417;171;-50,936583;-17,810583;202512
"GOISA";138;326;234;-49,280361;-16,665269;202512
"GOAPV";141;153;53;-47,799372;-16,063025;202512
"GOMKN";35;287;237;-48,219903;-13,529628;202512
"GOCLQ";14;71;42;-48,585139;-17,693389;202512
"GODQO";442;458;183;-49,278553;-16,679617;202512
"GOGTC";481;1166;438;-49,367189;-18,016078;202512
"GOPLV";6;23;60;-49,117342;-13,312592;202512
"GOPIH";44;604;664;-51,855861;-16,445583;202512
"GOGDT";522;887;509;-49,314614;-16,682697;202512
"GOGJL";267;993;890;-49,352264;-16,765831;202512
"GOO1D";1;12;24;-50,438;-16,186194;202512
"GO8XL";38;208;136;-47,995583;-16,05225;202512
"GOIPL";49;240;133;-49,2407;-18,407111;202512
"GOAVM";46;331;172;-49,247717;-16,777908;202512
"GOCXX";22;137;122;-49,476194;-18,493547;202512
"GOJPE";114;355;239;-49,356389;-16,662778;202512
"GOUPF";14;146;90;-49,785847;-16,799069;202512
"GOCDL";74;544;455;-49,285711;-16,823311;202512
"GONGA";185;897;463;-48,031003;-16,058169;202512
"GORVC";580;473;184;-50,930731;-17,805;202512
"GOGFL";89;837;752;-49,337722;-16,585889;202512
"GOAEG";4;4;8;-49,21433;-16,62952;202512
"GORJG";563;984;694;-50,916372;-17,783333;202512
"GONHZ";359;951;547;-49,318303;-16,720075;202512
"GONOR";205;519;358;-49,306217;-16,666675;202512
"GOCIU";389;958;643;-48,622478;-17,740589;202512
"GOAFL";303;927;742;-48,92348;-16,2859;202512
"GOSPT";8;75;102;-49,81506;-15,35077;202512
"GOGDB";423;947;395;-49,2455;-16,6295;202512
"GOPNC";314;1947;1340;-50,443083;-16,950444;202512
"GODTU";1059;658;256;-49,278889;-16,701083;202512
"GOSFA";124;297;163;-49,316722;-16,687833;202512
"GOVVP";14;205;244;-48,433303;-16,805622;202512
"GOGSA";156;546;410;-49,2065;-16,624439;202512
"GONAU";109;1029;433;-48,25825;-18,058528;202512
"GOCPV";359;711;515;-49,316592;-16,653217;202512
"GOJED";172;919;614;-51,719197;-17,915713;202512
"GOPPL";93;1081;1597;-47,46975;-16,181;202512
"GOJAO";931;801;322;-49,229797;-16,638703;202512
"GOPGD";415;4032;3062;-49,9195;-16,806917;202512
"GOLZS";1;2;3;-47,954717;-16,255858;202512
"GOBIT";52;318;475;-51,163611;-15,243333;202512
"GOCOR";78;767;716;-48,201117;-16,339556;202512
"GOCEP";325;574;282;-49,316944;-16,709722;202512
"GOSSC";13;175;307;-48,816534;-16,766106;202512
"GOROS";676;1213;556;-49,295061;-16,742172;202512
"GOSAV";236;415;295;-49,094711;-16,759859;202512
"GOLAC";140;829;376;-47,936389;-16,242639;202512
"GOPPS";290;900;725;-48,964161;-15,833747;202512
"GOIBA";213;329;163;-49,205944;-18,407667;202512
"GOTMS";378;1400;1216;-49,503078;-16,644131;202512
"GOVJV";1123;589;204;-49,213253;-16,727161;202512
"GODAI";49;261;218;-48,942164;-16,406797;202512
"GORBD";829;405;171;-49,264028;-16,686944;202512
"GOSBA";161;1926;1516;-49,693972;-16,575083;202512
"GOGUB";151;316;212;-49,23275;-16,678556;202512
"GORJM";1181;1441;684;-50,942833;-17,780389;202512
"GOAMO";175;1233;667;-48,276531;-15,73335;202512
"GOAT4";1798;913;308;-49,267028;-16,713606;202512
"GORPR";161;812;626;-50,929278;-17,829631;202512
"GOTBA";20;141;173;-49,550319;-16,623461;202512
"GO8XM";18;100;94;-48,330028;-15,75225;202512
"GOALN";68;1732;3081;-46,482814;-14,496222;202512
"GOTIR";122;1067;1163;-49,326389;-16,8075;202512
"GOFVE";30;524;361;-47,401983;-15,002183;202512
"GOBUR";20;524;909;-46,4297;-14,457358;202512
"GOMNS";627;2157;1297;-52,550614;-17,559619;202512
"GOTDA";315;597;389;-49,490392;-16,656164;202512
"GOCEC";33;198;176;-48,327222;-15,863047;202512
"GOJBL";140;549;344;-48,965736;-16,336236;202512
"GOJDD";235;1506;826;-51,713969;-17,871989;202512
"GOSRH";1058;1252;746;-49,261503;-16,723481;202512
"GOJNE";153;379;379;-49,325833;-16,640556;202512
"GOASL";224;826;508;-49,233611;-16,753331;202512
"GOMCV";315;1136;654;-52,552194;-17,575083;202512
"GONAC";5;112;193;-49,893081;-15,0232;202512
"GOCAT";411;1791;921;-47,969944;-18,163639;202512
"GOPAI";165;1072;1301;-50,653889;-18,910833;202512
"GOCIA";320;262;204;-49,196464;-16,7322;202512
"GO1F1";10;28;61;-49,257967;-16,658667;202512
"GOMOA";273;4021;3752;-48,209139;-15,608694;202512
"GOCTT";616;3687;3403;-47,621794;-16,776372;202512
"GOUVT";409;590;261;-49,247504;-16,676843;202512
"GOA19";92;714;535;-48,250486;-15,747428;202512
"GOPCA";72;394;268;-52,038556;-17,806083;202512
"GOACS";303;615;479;-49,278331;-16,761108;202512
"GOPCU";271;362;167;-49,240742;-16,676164;202512
"GOPNX";259;1956;1898;-50,466667;-16,961583;202512
"GOCCB";166;833;356;-47,937186;-18,189394;202512
"GOIIB";19;324;340;-49,790769;-15,925811;202512
"GOBZR";63;1053;1285;-47,106861;-15,494972;202512
"GOURB";396;1979;1359;-49,149111;-14,525194;202512
"GOMPA";757;2237;1527;-49,278089;-16,781181;202512
"GOSLN";18;385;476;-49,316686;-14,857306;202512
"GOCRT";473;3054;3333;-47,607578;-16,752425;202512
"GOGSJ";272;968;790;-49,300417;-16,6585;202512
"GOASH";2;4;2;-49,251667;-16,823722;202512
"GOSDA";21;404;568;-46,256417;-14,802417;202512
"GOCAP";15;129;155;-48,86385;-16,61584;202512
"GOCBR";549;1210;954;-49,295436;-16,673333;202512
"GOPG2";9;109;153;-49,142281;-13,41484;202512
"GOSPQ";445;1969;1507;-49,353342;-16,697936;202512
"GONPS";59;545;516;-49,212117;-16,431322;202512
"GOJRT";242;1144;1212;-49,34135;-15,7367;202512
"GOJRD";204;892;821;-49,326278;-15,745569;202512
"GOPBC";351;3601;4007;-48,287722;-15,167528;202512
"GOLAS";63;525;464;-51,400303;-19,179917;202512
"GOVSH";404;1137;968;-49,281894;-16,657589;202512
"GOPED";71;302;210;-49,253481;-16,790711;202512
"GORON";5;31;54;-49,328011;-17,166819;202512
"GOJAR";96;108;74;-49,285986;-16,695992;202512
"GONQV";1;17;15;-48,754775;-14,620938;202512
"GOCLA";719;2683;1187;-47,917178;-18,143031;202512
"GOITG";20;96;159;-50,677131;-19,011961;202512
"GOSNC";162;815;751;-49,156556;-16,656972;202512
"GOSCC";320;1898;1544;-49,087508;-16,726769;202512
"GOICL";84;1241;1053;-49,54068;-14,96392;202512
"GOALU";436;3212;1920;-48,284331;-15,726764;202512
"GOMII";417;957;517;-49,31556;-16,67155;202512
"GOBRQ";46;282;259;-47,807599;-16,460902;202512
"GORRO";396;778;409;-50,929719;-17,783053;202512
"GOAJX";50;159;96;-48,95675;-16,298583;202512
"GOPPN";5;128;332;-46,383233;-14,257736;202512
"GOPCH";35;207;229;-51,234167;-17,820278;202512
"GOIED";153;1297;994;-49,796722;-16,02075;202512
"GOPSM";16;180;191;-50,671358;-17,299347;202512
"GOMCG";93;2045;3278;-51,392494;-16,007011;202512
"GOBOM";8;52;139;-49,838889;-13,652806;202512
"GOCIV";555;559;270;-49,254461;-16,679911;202512
"GOPGC";139;1149;767;-47,616189;-15,451842;202512
"GOPPD";209;669;448;-48,958931;-15,85795;202512
"GOSWJ";41;367;397;-47,570028;-14,709361;202512
"GORVE";866;2680;1301;-50,911111;-17,804722;202512
"GOTER";26;286;619;-47,2642;-13,7791;202512
"GOTAV";269;158;62;-48,88634;-16,350062;202512
"GOFLO";91;1557;2356;-47,039806;-14,458136;202512
"GOPNN";84;275;207;-49,448886;-17,518331;202512
"GONQA";227;2854;3776;-48,473194;-14,471633;202512
"GOSMG";256;2460;3263;-50,1625;-13,275333;202512
"GOFDZ";516;2721;1938;-47,345222;-15,532028;202512
"GOIIQ";8;103;87;-49,545972;-16,266589;202512
"GORMG";129;776;506;-49,186256;-16,647369;202512
"GOMMD";2;13;17;-49,3259;-17,47866;202512
"GOCJU";61;205;118;-48,624333;-17,764806;202512
"GOPNS";619;357;130;-49,274222;-16,715103;202512
"GOFPL";58;269;179;-52,223639;-17,681667;202512
"GOOUV";317;2569;1335;-47,835278;-18,231889;202512
"GONQC";334;3024;3185;-48,439056;-14,471806;202512
"GORRI";207;1317;1056;-50,913744;-17,763506;202512
"GOALV";615;1003;557;-49,308308;-16,705506;202512
"GOSAY";350;575;412;-49,201531;-16,605939;202512
"GODIR";0;0;1;-49,326272;-17,481275;202512
"GOCBG";14;28;46;-48,5352;-15,98192;202512
"GODCI";73;699;511;-47,563909;-18,153126;202512
"GOJRC";1212;3176;1145;-51,733194;-17,88025;202512
"GOSRA";89;1396;1195;-53,198681;-17,3268;202512
"GOGJC";112;882;920;-49,425639;-16,6609;202512
"GO8XK";40;208;154;-49,479381;-16,378161;202512
"GOIPM";624;3013;1207;-48,160261;-17,721297;202512
"GOFIO";474;858;478;-50,937222;-17,8175;202512
"GORBA";72;933;1017;-48,759361;-14,702556;202512
"GO8QC";6;69;49;-48,279667;-15,955556;202512
"GOMAR";785;350;143;-49,262311;-16,705581;202512
"GOCO7";157;924;473;-47,91978;-16,10243;202512
"GOPNE";390;892;832;-49,323164;-16,647008;202512
"GOATU";12;84;93;-52,09295;-18,518764;202512
"GOIND";96;683;687;-49,994069;-17,137447;202512
"GOAPY";303;71;28;-49,201319;-16,714261;202512
"GOLON";703;770;262;-49,2233;-16,71432;202512
"GOSMW";63;1007;1796;-50,173481;-13,275369;202512
"GOBGA";240;680;373;-49,326678;-16,698467;202512
"GOGGC";228;418;244;-49,192733;-16,7584;202512
"GOPEC";416;1221;764;-49,2538;-16,655644;202512
"GOSVD";192;1691;1060;-48,606139;-16,662917;202512
"GOPBN";94;863;1231;-48,276628;-15,219697;202512
"GOCZH";142;1527;1609;-48,821944;-15,801194;202512
"GORIT";7;14;12;-49,238167;-18,301572;202512
"GOCES";233;1863;1038;-49,595411;-15,297081;202512
"GOGVL";240;1152;865;-48,900772;-16,313114;202512
"GOGNJ";470;309;126;-49,228386;-16,652367;202512
"GO8YI";13;166;139;-48,287139;-15,71775;202512
"GO8XF";28;140;155;-49,33184;-15,74047;202512
"GORLO";917;1073;427;-50,952139;-17,807389;202512
"GOLEG";198;239;137;-49,2261;-16,6952;202512
"GOLDO";35;224;216;-47,9913;-16,161;202512
"GOCLL";459;920;448;-47,92735;-18,169419;202512
"GOMSG";219;531;432;-49,282722;-16,623444;202512
"GOABI";344;2889;2458;-48,709844;-16,195358;202512
"GOVBE";429;602;247;-49,29597;-16,71584;202512
"GOPLA";3;49;98;-49,030411;-14,836469;202512
"GOAGR";84;248;207;-49,32898;-16,77189;202512
"GOSLB";310;2374;1478;-50,356019;-16,518678;202512
"GOAEC";122;949;688;-50,381278;-17,398222;202512
"GOCAD";113;2105;1751;-46,9226;-15,8048;202512
"GOJIU";736;2010;1036;-51,717283;-17,883039;202512
"GOSRO";44;614;603;-47,229167;-15,100278;202512
"GOMUM";5;29;194;-48,164792;-14,548156;202512
"GOOZI";126;1552;1404;-48,276528;-17,031667;202512
"GOCRI";42;228;215;-48,711361;-17,217417;202512
"GORCD";61;655;658;-47,550972;-14,904417;202512
"GOSJD";210;2700;3896;-47,523306;-14,709194;202512
"GOPAS";46;183;164;-48,98719;-16,357;202512
"GOAID";37;110;149;-49,261139;-16,661917;202512
"GOVMD";357;607;426;-49,291147;-16,639608;202512
"GORGD";63;381;308;-49,214806;-16,8281;202512
"GOLJC";1;1;0;-49,28215;-16,672625;202512
"GOJPM";153;502;483;-49,268053;-16,659981;202512
"GOOZN";44;601;674;-48,408333;-17,01;202512
"GOABE";23;164;128;-49,331942;-16,789539;202512
"GO8BY";0;0;2;-50,356528;-16,5185;202512
"GOCJN";182;375;154;-48,943261;-16,311269;202512
"GOGSH";620;248;78;-49,272356;-16,708186;202512
"GOTPG";647;5210;3540;-47,608333;-15,459167;202512
"GOATM";78;333;331;-49,224214;-16,851036;202512
"GOLSE";498;1643;616;-47,948292;-16,241264;202512
"GOGLO";0;0;2;-49,275139;-16,69035;202512
"GOAPE";160;775;522;-48,958753;-16,281;202512
"GOFSM";20;220;237;-48,604556;-15,939611;202512
"GOGRA";1651;1812;949;-49,330339;-16,710219;202512
"GOAIN";181;791;641;-49,264912;-16,797229;202512
"GOCO5";117;912;555;-47,941487;-16,121541;202512
"GOSA3";26;244;173;-48,273208;-15,9597;202512
"GODAM";37;1432;2344;-46,174111;-14,558889;202512
"GORFO";342;1407;902;-49,337261;-16,7258;202512
"GORVI";714;699;362;-50,930331;-17,796022;202512
"GOICB";5;22;143;-50,114286;-15,423936;202512
"GOGBU";659;567;230;-49,281639;-16,693083;202512
"GOPAO";464;992;388;-49,308467;-16,734825;202512
"GO8QI";52;126;128;-49,494867;-16,357889;202512
"GOJID";162;1518;1045;-47,935639;-16,147089;202512
"GOFIC";196;1838;1633;-50,302761;-16,579461;202512
"GOINL";14;100;99;-49,993333;-18,490778;202512
"GOAVD";327;261;171;-49,184203;-16,603506;202512
"GOTRR";159;1355;1192;-49,425861;-16,642083;202512
"GOMNI";591;3801;2850;-52,53795;-17,544431;202512
"GOALH";1;4;4;-48,273731;-15,735558;202512
"GOJDU";348;2181;1773;-49,363203;-16,784097;202512
"GOIPI";311;553;434;-49,328392;-16,665214;202512
"GOIBP";110;371;211;-49,23175;-18,418389;202512
"GOVOL";99;500;409;-49,286706;-16,802839;202512
"GOCTA";853;1221;470;-47,947583;-18,170833;202512
"GOGNC";295;1327;1091;-49,108797;-15,337278;202512
"GOSDD";108;1637;2440;-46,316339;-13,405589;202512
"GOPFL";1612;1005;413;-49,239972;-16,700536;202512
"GOCAE";661;1010;535;-49,240028;-16,721086;202512
"GOIUM";537;1110;671;-49,492444;-16,3685;202512
"GOCTZ";252;784;366;-47,954947;-18,196158;202512
"GOGQQ";89;331;290;-49,35235;-16,6376;202512
"GOVDV";578;590;250;-49,269483;-16,727689;202512
"GOCTH";1782;3383;1601;-47,939339;-18,162108;202512
"GOIPG";169;2717;2713;-49,946869;-15,56245;202512
"GOSPL";506;460;353;-49,252481;-16,710964;202512
"GOABS";212;925;749;-49,319128;-16,78675;202512
"GOCQG";156;66;20;-49,249331;-16,697439;202512
"GOMIA";400;1362;765;-49,12375;-17,732694;202512
"GOGRT";130;639;703;-49,33894;-16,77423;202512
"GOVLY";642;1149;705;-49,314167;-16,696389;202512
"GOBVS";400;3943;2551;-48,945789;-16,964661;202512
"GOSHA";7;5;15;-49,278369;-16,630112;202512
"GOSAF";683;1462;802;-49,266651;-16,737631;202512
"GOBOT";385;656;342;-49,246369;-16,670608;202512
"GOGNB";123;529;352;-49,208981;-16,61494;202512
"GOFLY";810;459;169;-49,236225;-16,709181;202512
"GOGDG";31;770;1396;-46,480803;-13,9435;202512
"GOJUD";476;704;268;-48,942558;-16,332061;202512
"GOMAL";35;958;2306;-46,891;-13,258111;202512
"GOAAY";303;547;236;-48,917259;-16,318236;202512
"GOPGG";5;25;102;-49,033063;-13,116616;202512
"GOMDG";88;977;959;-49,366103;-16,820922;202512
"GOMAU";2;26;27;-50,74;-16,5439;202512
"GOAND";156;2161;2610;-46,491611;-14,480083;202512
"GOCDE";823;822;397;-49,300972;-16,751583;202512
"GO8PZ";25;124;149;-51,119806;-16,438583;202512
"GOETF";137;268;246;-49,254436;-16,66505;202512
"GOACA";205;769;611;-49,2176;-16,7371;202512
"GOGCO";76;503;784;-49,404219;-16,5373;202512
"GOGNA";619;570;320;-49,257194;-16,675564;202512
"GOGSN";165;803;562;-49,385369;-16,678319;202512
"GOMIN";264;1243;969;-52,546056;-17,580667;202512
"GOABG";233;1552;1220;-49,438972;-16,762306;202512
"GOSVV";202;396;280;-49,124651;-16,797939;202512
"GOUUN";70;764;839;-49,653883;-15,525911;202512
"GOJTN";541;2418;1081;-51,730308;-17,866619;202512
"GOUUT";303;1826;1449;-49,686911;-15,502344;202512
"GOGAM";39;252;196;-48,645861;-16,486917;202512
"GOMIQ";185;580;417;-49,106969;-17,7202;202512
"GOIBM";80;214;125;-49,21025;-18,379861;202512
"GOVL2";159;1236;839;-48,5205;-16,752781;202512
"GO8RF";4;23;24;-50,45375;-18,450028;202512
"GOCAV";145;1709;3911;-47,451389;-13,801556;202512
"GOCC2";0;0;0;-48,62554;-17,74069;202512
"GOSTZ";100;1415;2168;-49,701;-14,427194;202512
"GOIPC";202;2149;1931;-51,12125;-16,427278;202512
"GOJI3";144;1261;837;-47,956919;-16,1521;202512
"GO8RC";15;180;193;-50,453567;-18,458087;202512
"GOCJK";1235;2739;1182;-47,946733;-18,177764;202512
"GOANU";71;505;478;-49,953733;-16,452103;202512
"GOGMS";435;897;492;-49,256;-16,596306;202512
"GOSGG";77;1291;2317;-50,161569;-13,286833;202512
"GOJT2";313;1318;820;-51,710308;-17,88295;202512
"GOMNC";429;1312;861;-52,5564;-17,568736;202512
"GOJGT";649;570;240;-49,242806;-16,696972;202512
"GO8XW";1;2;1;-48,269667;-15,947972;202512
"GO8QD";0;0;2;-48,292444;-15,934472;202512
"GO10C";8;73;172;-49,656667;-14,267778;202512
"GOCUM";51;867;631;-48,539967;-18,158397;202512
"GO60F";15;98;98;-49,489361;-16,638333;202512
"GOBEL";499;1468;1099;-49,331081;-16,68655;202512
"GOSVL";68;425;445;-49,363;-16,629111;202512
"GOSTC";768;702;285;-49,280242;-16,685778;202512
"GOGNH";229;227;160;-49,3097;-16,72735;202512
"GOJVA";235;1292;983;-49,619372;-17,805931;202512
"GOMOR";104;284;162;-49,221194;-16,661806;202512
"GOTSA";405;1243;928;-49,487447;-16,638836;202512
"GOMCI";5;40;65;-50,013296;-17,965003;202512
"GOCLD";35;275;329;-49,77;-16,56553;202512
"GOITJ";29;361;328;-51,525833;-19,041667;202512
"GOCPU";533;887;782;-49,332739;-16,655861;202512
"GOJPR";319;1738;929;-51,717072;-17,898022;202512
"GOMMM";318;2126;2032;-52,539719;-17,537889;202512
"GORPJ";21;54;90;-48,80525;-17,422194;202512
"GOBAD";137;1312;1360;-48,918111;-14,971669;202512
"GOAMR";153;575;417;-49,29205;-16,7581;202512
"GOMAO";77;444;435;-49,176972;-14,01175;202512
"GOFMN";278;1505;880;-47,331917;-15,557056;202512
"GOAPN";161;1165;1026;-49,312687;-16,80164;202512
"GOIBT";27;189;122;-49,257528;-18,409444;202512
"GOJUS";87;476;769;-50,859722;-15,868333;202512
"GORRP";305;763;640;-49,307381;-16,6279;202512
"GOFMC";686;4977;3500;-47,330306;-15,526972;202512
"GORB9";2;42;98;-49,808577;-15,44702;202512
"GOCEZ";72;515;498;-49,772197;-16,974856;202512
"GOGUO";5;75;121;-49,70478;-14,7333;202512
"GOVVE";1202;1532;745;-50,94285;-17,790931;202512
"GOJAM";574;376;153;-49,279383;-16,706917;202512
"GOT91";35;263;360;-51,111389;-16,444722;202512
"GO1F3";5;16;41;-49,25662;-16,65971;202512
"GOJUC";50;257;174;-51,627762;-17,69968;202512
"GOPAV";546;573;199;-49,271658;-16,671161;202512
"GOCBI";46;142;74;-52,606053;-18,469675;202512
"GO8XG";25;235;333;-49,394483;-16,5629;202512
"GOAJA";38;387;383;-49,344411;-16,808164;202512
"GOJVI";308;507;228;-51,725389;-17,884111;202512
"GOPGE";192;2839;2532;-49,927278;-16,815278;202512
"GOSJB";100;851;732;-49,782806;-16,631528;202512
"GOPIC";205;3091;2862;-51,814167;-16,434453;202512
"GODIV";60;1183;1560;-46,396944;-13,291583;202512
"GOA16";178;1332;933;-48,296549;-15,727898;202512
"GOFNO";11;120;187;-50,301539;-16,676461;202512
"GOLZT";320;1993;944;-47,932528;-16,260611;202512
"GOERA";694;1388;1082;-49,27914;-16,75315;202512
"GOSJO";155;758;550;-48,960639;-16,382167;202512
"GOARU";506;605;309;-49,212778;-16,695422;202512
"GOA17";53;439;341;-48,273738;-15,714425;202512
"GOIPU";0;11;26;-49,37323;-16,790244;202512
"GORB7";9;100;86;-49,59561;-15,390306;202512
"GOFAP";4;155;179;-47,27802;-15,23767;202512
"GOIUO";13;207;297;-49,735678;-16,20892;202512
"GOFDO";371;3569;2557;-47,309664;-15,533844;202512
"GOLDA";96;958;774;-47,9615;-16,1709;202512
"GO8XU";65;258;140;-47,987056;-16,07225;202512
"GOABC";365;4188;3277;-47,818222;-16,056056;202512
"GO8BW";20;131;105;-50,37739;-16,527078;202512
"GORBQ";377;1121;890;-49,303222;-16,605047;202512
"GONPL";81;1284;1346;-49,509972;-13,23975;202512
"GORVM";937;1149;511;-50,948331;-17,796592;202512
"GO8XP";124;451;384;-47,610278;-16,771556;202512
"GOGGM";57;255;180;-48,086028;-18,129639;202512
"GOGNN";162;1222;1290;-49,136581;-15,308961;202512
"GOVNN";112;281;173;-49,246917;-16,660611;202512
"GO8QF";23;142;73;-48,256889;-15,753694;202512
"GOSLI";17;67;72;-51,66465;-17,77429;202512
"GOLES";542;1078;566;-49,241133;-16,665833;202512
"GOCTL";1254;5687;2682;-47,949933;-18,155767;202512
"GOOZC";281;2791;2332;-48,307028;-17,035444;202512
"GOJA1";268;341;165;-49,290289;-16,709203;202512
"GODS5";333;755;356;-49,234747;-16,670296;202512
"GO8PX";11;113;87;-48,2585;-15,944306;202512
"GO8XX";0;2;2;-49,794784;-16,007098;202512
"GOGNT";238;841;474;-49,130331;-15,332167;202512
"GO8YB";18;69;47;-47,344;-15,540189;202512
"GOSSM";191;1593;1275;-50,549031;-18,995533;202512
"GONGD";74;685;412;-48,035706;-16,077689;202512
"GO8XZ";9;49;44;-48,014139;-16,057694;202512
"GOBJG";50;514;460;-52,180889;-16,175528;202512
"GOARK";71;218;171;-49,327975;-16,780172;202512
"GOFCV";158;424;259;-49,319056;-16,743194;202512
"GOPPV";635;1702;1068;-49,252286;-16,762594;202512
"GOBBD";12;140;182;-49,40865;-16,3495;202512
"GONVG";84;1325;1365;-49,564889;-15,174083;202512
"GOVNO";128;979;680;-47,963039;-16,13483;202512
"GONJB";55;487;288;-48,055175;-16,0547;202512
"GOGND";158;656;511;-49,118;-15,319694;202512
"GOHID";5;21;30;-49,463361;-14,7252;202512
"GOAJP";119;317;231;-48,919822;-16,349419;202512
"GOACD";211;1304;871;-50,374678;-17,396978;202512
"GONNO";1;108;187;-49,497639;-15,065042;202512
"GOCCL";37;417;381;-50,916278;-18,69325;202512
"GOCPS";392;668;503;-49,282544;-16,673175;202512
"GOGAR";766;366;118;-49,252917;-16,701783;202512
"GOVPP";11;203;466;-48,884;-15,459139;202512
"GOSAE";26;202;185;-50,312639;-16,202222;202512
"GOT63";293;391;239;-49,286047;-16,714872;202512
"GO60B";8;61;83;-49,399194;-16,6295;202512
"GORVP";504;1489;993;-50,919075;-17,781269;202512
"GO8XD";0;2;3;-49,404222;-16,537233;202512
"GOVPZ";587;1509;562;-47,983275;-16,078436;202512
"GOITY";31;139;94;-48,97355;-16,30348;202512
"GO8RG";0;2;9;-49,794806;-16,035361;202512
"GONPA";202;1013;792;-49,220561;-16,408747;202512
"GOPOW";6;60;79;-49,57498;-14,76655;202512
"GOCMQ";186;372;190;-48,638279;-17,7059;202512
"GOVBO";451;1158;736;-49,318114;-16,727978;202512
"GO8YA";4;66;52;-48,288917;-15,729028;202512
"GOVSJ";66;302;542;-47,836553;-14,179994;202512
"GOGCJ";573;869;374;-49,297753;-16,685308;202512
"GOPSR";397;1971;1806;-49,374861;-16,724778;202512
"GOGRR";25;598;1361;-46,455167;-14,296361;202512
"GOCBD";106;1492;2302;-46,781333;-13,029306;202512
"GOVLS";390;3064;2426;-48,513594;-16,744233;202512
"GOMSJ";662;2448;1740;-52,565222;-17,569333;202512
"GO8RA";6;61;104;-51,121242;-16,427619;202512
"GO60G";1;19;83;-49,391389;-16,616278;202512
"GOVON";439;1657;708;-47,967694;-16,087519;202512
"GOLZC";839;3536;1240;-47,956969;-16,251928;202512
"GO8BC";27;155;124;-49,806472;-16,02025;202512
"GODSC";185;183;63;-49,1476;-16,7252;202512
"GOPRI";159;363;181;-48,9636;-16,3577;202512
"GOMVU";253;1400;1186;-51,161667;-17,470556;202512
"GOJAY";141;833;684;-48,972114;-16,289078;202512
"GOLZA";26;465;790;-50,574917;-13,219139;202512
"GOARI";166;632;459;-49,25071;-16,83711;202512
"GOIET";436;4230;3180;-49,794806;-16,035361;202512
"GOARA";198;1090;914;-49,449908;-16,912392;202512
"GOCDM";429;851;343;-47,910369;-18,160919;202512
"GOARG";131;208;117;-49,253794;-16,672031;202512
"GOPSO";584;182;49;-49,184722;-16,713333;202512
"GOJTD";979;1780;785;-51,734022;-17,8879;202512
"GOASA";150;584;348;-48,897117;-16,34527;202512
"GOFOZ";390;1111;836;-47,335472;-15,565361;202512
"GOFRO";185;556;416;-49,261492;-16,642958;202512
"GOESL";370;1243;865;-49,29755;-16,764017;202512
"GOCEA";430;2912;1589;-48,001547;-16,053514;202512
"GODQT";65;78;23;-49,247583;-16,685333;202512
"GOSCV";78;440;397;-48,318333;-16,121389;202512
"GOMID";381;1033;622;-49,113222;-17,731611;202512
"GOBVI";119;619;541;-49,40458;-16,7237;202512
"GOGAD";74;410;293;-49,263917;-16,813694;202512
"GOJAN";516;1873;1002;-51,724083;-17,875142;202512
"GOUCZ";10;70;92;-49,567555;-15,616922;202512
"GOCTE";431;1476;710;-47,931239;-18,1547;202512
"GOSCQ";212;1248;1038;-49,092681;-16,705075;202512
"GOSLC";31;227;173;-52,622014;-18,671097;202512
"GOORI";8;11;2;-49,2697;-16,6969;202512
"GOURT";130;973;782;-49,158603;-14,522897;202512
"GOTCD";302;731;522;-49,484381;-16,667569;202512
"GOFRT";602;1347;642;-47,338444;-15,546861;202512
"GONQQ";136;1559;2161;-48,427425;-14,458339;202512
"GORBS";15;9;9;-50,944119;-17,818572;202512
"GOAEU";261;2523;2359;-50,364664;-17,396028;202512
"GOSHC";3;4;9;-49,313981;-16,682542;202512
"GOFLI";10;7;11;-49,236225;-16,709181;202512
"GOTCN";996;658;212;-49,264711;-16,710481;202512
"GOSPA";83;464;459;-49,126;-16,65679;202512
"GOSAC";53;252;200;-50,635111;-17,558639;202512
"GOMND";220;2082;1849;-52,555964;-17,588261;202512
"GONNC";5;37;79;-49,421828;-15,060439;202512
"GOPVC";12;61;95;-48,984864;-15,873957;202512
"GOADV";294;370;191;-49,192964;-16,618161;202512
"GOBRA";3;33;29;-50,40274;-16,39159;202512
"GOILB";12;57;37;-49,293333;-18,393889;202512
"GOCDA";0;0;1;-48,955761;-16,331661;202512
"GOJKA";489;1442;815;-48,938414;-16,345375;202512
"GOA18";34;214;153;-48,308897;-15,762719;202512
"GOLGR";683;291;101;-49,273367;-16,685122;202512
"GOIBB";54;264;143;-49,200528;-18,391556;202512
"GO8RE";9;115;138;-48,309111;-15,943722;202512
"GOFMS";339;1382;793;-47,326;-15,553278;202512
"GOIJL";45;206;79;-49,24595;-18,41691;202512
"GOGRC";91;842;905;-49,38532;-16,77898;202512
"GOGBR";645;683;475;-49,221139;-16,698181;202512
"GOGTB";51;216;101;-49,284631;-18,041944;202512
"GOJDG";772;406;223;-49,2425;-16,702667;202512
"GONVC";148;1563;1080;-49,316072;-16,374047;202512
"GO8RD";24;165;129;-47,313444;-15,544222;202512
"GOCQZ";150;79;15;-49,247597;-16,692539;202512
"GOSTO";788;459;166;-49,267833;-16,679778;202512
"GOAVG";65;590;562;-49,28205;-16,84015;202512
"GORIU";239;851;657;-49,500453;-16,384736;202512
"GOAVT";217;143;59;-49,26055;-16,677094;202512
"GOSLD";174;1248;713;-50,371833;-16,518694;202512
"GOFNM";3;27;48;-50,767972;-16,19775;202512
"GOTRA";702;1050;737;-49,251;-16,717867;202512
"GO8QH";9;98;92;-48,285174;-15,73254;202512
"GORRE";19;18;15;-48,75323;-17,77831;202512
"GO1S4";290;188;63;-49,266881;-16,717431;202512
